id;username;password;name;surname;email;phone_number
1;Oklahoma;Cordoba Oro Colorado iterate;Tasty Wooden Towels systemic monetize;Liaison;Marcia38@gmail.com;Producer
2;killer;input Monaco;Borders Configuration Keyboard;Savings Account moratorium Engineer;Janiya32@gmail.com;withdrawal
3;Central panel;feed;Pennsylvania Health;Jewelery;Enid.Wiza24@gmail.com;compressing Home Loan Account
4;Toys Savings Account Corporate;Metal program;Web Granite Books;Pizza;Jayne.Mohr95@gmail.com;collaborative Concrete object-oriented
5;Circle;back up;empowering clicks-and-mortar Incredible;deposit application Keyboard;Brant66@gmail.com;Factors connecting zero tolerance
6;parse;Incredible Fresh Sausages national quantifying;bypass Dynamic Borders;Research Ergonomic asymmetric;Christopher.Bode@yahoo.com;reboot evolve
7;interactive invoice index;program Brand;Usability bypass bandwidth-monitored;Usability Pants Delaware;Chyna.Mann57@gmail.com;Home Loan Account incentivize online
8;program Buckinghamshire;Somali Shilling payment Granite;USB;Gloves out-of-the-box Tasty;Harvey7@yahoo.com;Dynamic
9;Berkshire alarm;24 hour;plum;Buckinghamshire;Hershel_Ebert@yahoo.com;incremental SAS Swaziland
10;digital;Alaska Health;Generic Granite Computer Licensed Granite Towels help-desk;deposit;Norris_Koepp31@yahoo.com;enterprise Ohio
