id;manufacturer;model_number;registration_number
1;Auto Loan Account portals;turquoise Program Chief;Indiana parsing well-modulated
2;copy;Nepalese Rupee hacking COM;auxiliary Louisiana
3;Avon Indian Rupee Ngultrum;Facilitator Norfolk Island maroon;payment deposit cultivate
4;plum software Credit Card Account;Brunei Dollar haptic;Mexico
5;Metrics architectures Argentina;action-items optimize Chair;Paradigm Security
6;database;content;Kazakhstan Flat
7;cultivate virtual Rubber;Representative Greenland transmitter;Kwanza program Gardens
8;Towels;optical withdrawal;USB Gorgeous Steel Sausages
9;Connecticut Liberia grid-enabled;wireless Granite Shoes;hacking incentivize
10;port;Industrial asymmetric;Vatu e-business Avon
